44,30,2,Mark,mark@aptusinteractive.com
41,41,1,Sam,sam@aptusinteractive.com
39,17,3,Jordan,jordan@aptusinteractive.com
6,10,4,Alex,alex@aptusinteractive.com
7,15,5,Levi,levi@aptusinteractive.com
13,18,6,Joao,joao@aptusinteractive.com
8,24,7,Robin,robin@aptusinteractive.com
1,0,8,Dan,daniel@aptusinteractive.com
17,14,9,Giacomo,giacomo@aptusinteractive.com
3,3,10,James,james@aptusinteractive.com
7,15,11,Omar,omar@aptusinteractive.com
